entry_time,exit_time,entry,exit,stop_dist,outcome,R
2010-12-28 23:05:00+00:00,2011-01-03 14:40:00+00:00,2226.2500,2249.7629,47.0258,1,0.4947
2011-02-22 23:26:00+00:00,2011-02-25 16:14:00+00:00,2321.5000,2348.7050,54.4100,1,0.4954
2011-03-16 22:05:00+00:00,2011-03-17 09:07:00+00:00,2187.7500,2229.9679,84.4357,1,0.4970
2011-04-12 22:06:00+00:00,2011-04-20 08:48:00+00:00,2295.2500,2328.7427,66.9854,1,0.4963
2011-05-04 22:07:00+00:00,2011-05-16 20:30:00+00:00,2387.2500,2326.2500,60.6082,-1,-1.0106
2011-05-24 22:07:00+00:00,2011-05-27 03:09:00+00:00,2299.0000,2331.3146,64.6292,1,0.4961
2011-06-19 22:05:00+00:00,2011-06-21 14:00:00+00:00,2185.2500,2217.8525,65.2050,1,0.4962
2011-07-12 22:05:00+00:00,2011-07-19 13:40:00+00:00,2341.0000,2377.5251,73.0502,1,0.4966
2011-07-27 22:05:00+00:00,2011-08-03 14:22:00+00:00,2359.7500,2276.9138,82.5862,-1,-1.0061
2011-08-08 22:05:00+00:00,2011-08-09 07:12:00+00:00,2034.7500,2098.7811,128.0622,1,0.4980
2011-08-18 22:05:00+00:00,2011-08-26 16:04:00+00:00,2081.2500,2156.8733,151.2466,1,0.4983
2011-09-05 22:05:00+00:00,2011-09-07 07:01:00+00:00,2122.0000,2188.8130,133.6259,1,0.4981
2011-09-21 22:05:00+00:00,2011-10-03 03:03:00+00:00,2244.0000,2117.4286,126.3214,-1,-1.0040
2011-10-03 22:05:00+00:00,2011-10-05 14:43:00+00:00,2062.2500,2133.4133,142.3267,1,0.4982
2011-11-20 23:05:00+00:00,2011-12-01 04:28:00+00:00,2238.2500,2297.8119,119.1238,1,0.4979
2011-12-14 23:05:00+00:00,2011-12-20 21:01:00+00:00,2226.2500,2281.0957,109.6914,1,0.4977
2012-03-06 23:05:00+00:00,2012-03-08 09:13:00+00:00,2591.7500,2622.2383,60.9765,1,0.4959
2012-03-25 22:05:00+00:00,2012-03-26 18:09:00+00:00,2734.5000,2763.3184,57.6369,1,0.4957
2012-03-29 22:06:00+00:00,2012-04-03 13:38:00+00:00,2757.0000,2787.5578,61.1156,1,0.4959
2012-04-22 22:05:00+00:00,2012-04-26 03:08:00+00:00,2668.2500,2709.0989,81.6979,1,0.4969
2012-05-16 22:05:00+00:00,2012-05-18 20:10:00+00:00,2556.2500,2470.7309,85.2691,-1,-1.0059
2012-05-20 22:05:00+00:00,2012-05-21 16:10:00+00:00,2473.6300,2518.4833,89.7066,1,0.4972
2012-06-03 22:05:00+00:00,2012-06-06 03:30:00+00:00,2459.2500,2504.2385,89.9769,1,0.4972
2012-07-10 22:05:00+00:00,2012-07-18 15:50:00+00:00,2576.2500,2618.7640,85.0280,1,0.4971
2012-07-24 22:05:00+00:00,2012-07-26 11:02:00+00:00,2521.7500,2568.2972,93.0945,1,0.4973
2012-08-01 22:05:00+00:00,2012-08-03 14:00:00+00:00,2624.7500,2669.9826,90.4651,1,0.4972
2012-09-11 22:05:00+00:00,2012-09-13 16:32:00+00:00,2780.0000,2812.2024,64.4049,1,0.4961
2012-09-25 22:05:00+00:00,2012-10-05 13:03:00+00:00,2806.2500,2837.3896,62.2792,1,0.4960
2012-10-09 22:05:00+00:00,2012-10-16 16:08:00+00:00,2736.5000,2771.2890,69.5779,1,0.4964
2012-10-25 22:05:00+00:00,2012-11-01 14:56:00+00:00,2640.5000,2680.0535,79.1071,1,0.4968
2012-11-14 23:05:00+00:00,2012-11-19 15:45:00+00:00,2532.2500,2576.4410,88.3820,1,0.4972
2012-12-05 23:05:00+00:00,2012-12-11 14:50:00+00:00,2638.2500,2675.5613,74.6226,1,0.4966
2012-12-16 23:05:00+00:00,2012-12-18 12:31:00+00:00,2643.0000,2681.7468,77.4937,1,0.4968
2012-12-26 23:07:00+00:00,2013-01-02 11:00:00+00:00,2630.5000,2668.1150,75.2300,1,0.4967
2013-01-15 23:05:00+00:00,2013-01-22 22:06:00+00:00,2720.7500,2755.5469,69.5938,1,0.4964
2013-03-19 22:05:00+00:00,2013-03-20 13:30:00+00:00,2774.5000,2805.1682,61.3365,1,0.4959
2013-04-07 22:05:00+00:00,2013-04-09 17:17:00+00:00,2763.7500,2795.9195,64.3390,1,0.4961
2013-05-26 22:05:00+00:00,2013-05-28 13:48:00+00:00,2995.5000,3030.3157,69.6315,1,0.4964
2013-06-23 22:05:00+00:00,2013-06-27 13:48:00+00:00,2862.0000,2906.9927,89.9853,1,0.4972
2013-08-18 22:05:00+00:00,2013-08-22 14:44:00+00:00,3069.2500,3100.7635,63.0271,1,0.4960
2013-10-09 22:05:00+00:00,2013-10-10 13:31:00+00:00,3134.2500,3173.4194,78.3387,1,0.4968
2013-11-03 23:05:00+00:00,2013-11-13 21:34:00+00:00,3368.2500,3405.7174,74.9349,1,0.4967
2013-11-20 23:06:00+00:00,2013-11-21 19:43:00+00:00,3366.0000,3402.9184,73.8369,1,0.4966
2013-12-12 23:05:00+00:00,2013-12-16 14:50:00+00:00,3459.1300,3489.7296,61.1991,1,0.4959
2014-01-06 23:05:00+00:00,2014-01-07 15:25:00+00:00,3518.2500,3549.9618,63.4236,1,0.4961
2014-01-27 23:05:00+00:00,2014-01-28 23:01:00+00:00,3473.7500,3516.0142,84.5284,1,0.4970
2014-04-07 22:05:00+00:00,2014-04-09 16:31:00+00:00,3502.5000,3562.1812,119.3624,1,0.4979
2014-05-08 22:05:00+00:00,2014-05-12 13:47:00+00:00,3529.1300,3586.2671,114.2741,1,0.4978
2014-05-15 22:05:00+00:00,2014-05-20 07:34:00+00:00,3564.8800,3618.3254,106.8909,1,0.4977
2014-06-23 22:05:00+00:00,2014-06-24 14:36:00+00:00,3790.5000,3823.4027,65.8054,1,0.4962
2014-07-08 22:05:00+00:00,2014-07-11 17:21:00+00:00,3863.7500,3896.0577,64.6154,1,0.4961
2014-08-07 22:05:00+00:00,2014-08-11 13:31:00+00:00,3855.7500,3898.9105,86.3210,1,0.4971
2014-09-23 22:05:00+00:00,2014-09-24 17:31:00+00:00,4034.7500,4074.8446,80.1891,1,0.4969
2014-10-13 22:05:00+00:00,2014-10-20 20:30:00+00:00,3803.0000,3867.5518,129.1036,1,0.4981
2014-12-16 23:05:00+00:00,2014-12-17 19:03:00+00:00,4093.0000,4150.3571,114.7143,1,0.4978
2015-01-04 23:05:00+00:00,2015-01-06 17:08:00+00:00,4209.5000,4099.4209,109.8291,-1,-1.0046
2015-01-06 23:05:00+00:00,2015-01-08 01:19:00+00:00,4105.2500,4164.0003,117.5006,1,0.4979
2015-01-13 23:12:00+00:00,2015-01-22 15:56:00+00:00,4157.7500,4225.0309,134.5618,1,0.4981
2015-03-25 22:05:00+00:00,2015-04-09 13:32:00+00:00,4328.5000,4381.3461,105.6922,1,0.4976
2015-04-29 22:05:00+00:00,2015-05-06 14:09:00+00:00,4474.4800,4365.6035,108.6265,-1,-1.0046
2015-05-26 22:05:00+00:00,2015-05-27 17:24:00+00:00,4478.2300,4529.4629,102.4658,1,0.4976
2015-06-08 22:05:00+00:00,2015-06-10 15:16:00+00:00,4437.7500,4489.2807,103.0614,1,0.4976
2015-06-28 22:06:00+00:00,2015-07-13 13:45:00+00:00,4411.0000,4462.0382,102.0764,1,0.4976
2015-08-04 22:05:00+00:00,2015-08-05 13:50:00+00:00,4552.7500,4609.9592,114.4185,1,0.4978
2015-08-20 22:05:00+00:00,2015-08-21 19:10:00+00:00,4366.0000,4228.0345,137.7155,-1,-1.0036
2015-08-23 22:05:00+00:00,2015-08-24 05:13:00+00:00,4167.2500,4014.4042,152.5958,-1,-1.0033
2015-08-24 22:05:00+00:00,2015-08-25 07:45:00+00:00,4029.7500,4117.7409,175.9818,1,0.4986
2015-09-01 22:05:00+00:00,2015-09-02 19:59:00+00:00,4141.2500,4247.6985,212.8971,1,0.4988
2015-09-28 22:05:00+00:00,2015-10-01 03:08:00+00:00,4103.5000,4202.5656,198.1313,1,0.4987
2015-11-11 23:05:00+00:00,2015-11-13 20:57:00+00:00,4629.5000,4500.7982,128.4518,-1,-1.0039
2015-11-15 23:05:00+00:00,2015-11-16 18:19:00+00:00,4461.5000,4529.0878,135.1757,1,0.4982
2015-12-09 23:05:00+00:00,2015-12-14 16:33:00+00:00,4625.7500,4485.6752,139.8248,-1,-1.0036
2016-01-04 23:05:00+00:00,2016-01-07 07:44:00+00:00,4506.5000,4352.3535,153.8965,-1,-1.0032
2016-01-07 23:05:00+00:00,2016-01-15 14:28:00+00:00,4290.5000,4120.4964,169.7536,-1,-1.0029
2016-02-04 23:05:00+00:00,2016-02-08 12:47:00+00:00,4143.2500,3922.5271,220.4729,-1,-1.0023
2016-02-08 23:05:00+00:00,2016-02-15 08:36:00+00:00,3952.7500,4070.8009,236.1018,1,0.4989
2016-03-06 23:05:00+00:00,2016-03-16 18:45:00+00:00,4315.7500,4407.7522,184.0044,1,0.4986
2016-05-05 22:05:00+00:00,2016-05-10 07:14:00+00:00,4297.5000,4360.2948,125.5896,1,0.4980
2016-05-15 22:05:00+00:00,2016-05-16 15:52:00+00:00,4308.2500,4370.1903,123.8806,1,0.4980
2016-06-13 22:05:00+00:00,2016-06-23 20:30:00+00:00,4416.2500,4463.9990,95.4981,1,0.4974
2016-08-28 22:05:00+00:00,2016-09-06 16:32:00+00:00,4783.5000,4822.5013,78.0026,1,0.4968
2016-09-11 22:05:00+00:00,2016-09-12 14:25:00+00:00,4669.0000,4713.4529,88.9057,1,0.4972
2016-10-13 22:05:00+00:00,2016-10-18 13:30:00+00:00,4796.2500,4848.9785,105.4570,1,0.4976
2016-10-27 22:05:00+00:00,2016-11-02 18:08:00+00:00,4820.5000,4718.2299,102.0201,-1,-1.0049
2016-11-02 22:05:00+00:00,2016-11-07 16:00:00+00:00,4703.7500,4758.1406,108.7811,1,0.4977
2017-01-02 23:05:00+00:00,2017-01-05 14:35:00+00:00,4888.4800,4942.1652,107.3705,1,0.4977
2017-04-16 22:05:00+00:00,2017-04-18 00:02:00+00:00,5352.2500,5399.0462,93.5925,1,0.4973
2017-06-18 22:05:00+00:00,2017-06-19 13:39:00+00:00,5688.2300,5752.4614,128.4627,1,0.4981
2017-08-27 22:05:00+00:00,2017-08-30 05:08:00+00:00,5812.2500,5881.2469,137.9938,1,0.4982
2017-09-05 22:05:00+00:00,2017-09-15 14:52:00+00:00,5938.2300,6006.8379,137.2158,1,0.4982
2017-09-24 22:05:00+00:00,2017-10-01 22:12:00+00:00,5933.7300,5990.7188,113.9776,1,0.4978
2017-12-27 23:05:00+00:00,2018-01-02 19:02:00+00:00,6454.2500,6513.2556,118.0113,1,0.4979
2018-01-31 23:05:00+00:00,2018-02-02 15:01:00+00:00,6979.5000,6830.6911,148.5589,-1,-1.0034
2018-03-01 23:05:00+00:00,2018-03-06 11:08:00+00:00,6772.7300,6915.3755,285.2911,1,0.4991
2018-03-25 22:05:00+00:00,2018-03-26 13:41:00+00:00,6544.2500,6678.6608,268.8217,1,0.4991
2018-04-23 22:05:00+00:00,2018-05-07 01:42:00+00:00,6664.0000,6806.0666,284.1332,1,0.4991
2018-06-19 22:05:00+00:00,2018-06-21 01:57:00+00:00,7251.7500,7342.4726,181.4452,1,0.4986
2018-06-25 22:05:00+00:00,2018-07-06 14:41:00+00:00,7070.2500,7173.1159,205.7318,1,0.4988
2018-07-22 22:05:00+00:00,2018-07-24 13:10:00+00:00,7369.0000,7463.0844,188.1687,1,0.4987
2018-07-30 22:05:00+00:00,2018-08-02 15:30:00+00:00,7208.0000,7318.3495,220.6990,1,0.4989
2018-09-06 22:05:00+00:00,2018-09-12 08:51:00+00:00,7453.2500,7540.0595,173.6190,1,0.4986
2018-10-04 22:05:00+00:00,2018-10-08 15:39:00+00:00,7521.7500,7328.7098,192.7902,-1,-1.0026
2018-10-08 22:05:00+00:00,2018-10-10 18:44:00+00:00,7389.5000,7173.8339,215.4161,-1,-1.0023
2018-10-21 22:05:00+00:00,2018-10-26 09:25:00+00:00,7076.7500,6769.2817,307.2183,-1,-1.0016
2018-11-12 23:05:00+00:00,2018-11-20 15:14:00+00:00,6844.7500,6456.9628,387.5372,-1,-1.0013
2018-12-17 23:05:00+00:00,2018-12-21 17:19:00+00:00,6471.7090,6117.8287,353.6303,-1,-1.0014
2018-12-23 23:05:00+00:00,2018-12-26 20:44:00+00:00,6021.3100,6214.7948,386.9696,1,0.4994
2019-03-10 22:05:00+00:00,2019-03-11 14:46:00+00:00,7018.0100,7111.6489,187.2777,1,0.4987
2019-05-01 22:05:00+00:00,2019-05-03 14:02:00+00:00,7723.0200,7802.4212,158.8025,1,0.4984
2019-05-08 22:05:00+00:00,2019-05-13 12:13:00+00:00,7621.2100,7415.4239,205.5361,-1,-1.0024
2019-07-31 22:05:00+00:00,2019-08-01 13:50:00+00:00,7816.3200,7920.3354,208.0308,1,0.4988
2019-08-01 22:05:00+00:00,2019-08-05 08:08:00+00:00,7790.2100,7562.9157,227.0443,-1,-1.0022
2019-08-05 22:05:00+00:00,2019-08-06 03:59:00+00:00,7279.8200,7412.3743,265.1086,1,0.4991
2019-12-02 23:05:00+00:00,2019-12-06 17:40:00+00:00,8310.8100,8395.1003,168.5806,1,0.4985
2020-02-24 23:05:00+00:00,2020-02-26 08:49:00+00:00,9102.1700,8785.3944,316.5256,-1,-1.0016
2020-02-26 23:05:00+00:00,2020-02-27 20:59:00+00:00,8819.6800,8444.8244,374.6056,-1,-1.0013
2020-02-27 23:05:00+00:00,2020-03-02 07:45:00+00:00,8350.6500,8560.3604,419.4209,1,0.4994
2020-03-09 22:05:00+00:00,2020-03-10 01:25:00+00:00,7870.2400,8191.9740,643.4679,1,0.4996
2020-07-23 22:05:00+00:00,2020-07-30 22:00:00+00:00,10585.3800,10844.4826,518.2051,1,0.4995
2020-08-11 22:05:00+00:00,2020-08-12 17:59:00+00:00,10947.3400,11184.0172,473.3544,1,0.4995
2020-09-07 22:05:00+00:00,2020-09-08 22:02:00+00:00,11526.6100,10966.1588,560.2012,-1,-1.0009
2020-09-08 22:05:00+00:00,2020-09-09 09:59:00+00:00,10984.5400,11283.1756,597.2711,1,0.4996
2020-09-20 22:05:00+00:00,2020-09-28 07:52:00+00:00,10914.2600,11249.0337,669.5475,1,0.4996
2020-10-15 22:05:00+00:00,2020-10-28 13:50:00+00:00,11908.7400,11316.6376,591.8524,-1,-1.0008
2020-11-10 23:05:00+00:00,2020-11-12 15:41:00+00:00,11649.8470,11981.6269,663.5599,1,0.4996
2021-02-18 23:05:00+00:00,2021-02-23 00:02:00+00:00,13652.6390,13214.4427,437.9463,-1,-1.0011
2021-02-23 23:05:00+00:00,2021-03-03 23:20:00+00:00,13172.7770,12661.2112,511.3158,-1,-1.0010
2021-03-04 23:05:00+00:00,2021-03-07 23:00:00+00:00,12424.6890,12756.0616,662.7452,1,0.4996
2021-03-25 22:05:00+00:00,2021-03-31 14:20:00+00:00,12783.9570,13113.1271,658.3401,1,0.4996
2021-05-04 22:05:00+00:00,2021-05-07 12:32:00+00:00,13530.1090,13752.1166,444.0153,1,0.4994
2021-05-12 22:05:00+00:00,2021-05-14 09:10:00+00:00,12991.4390,13242.9156,502.9532,1,0.4995
2021-05-19 22:05:00+00:00,2021-05-20 15:40:00+00:00,13223.1790,13484.9896,523.6212,1,0.4995
2021-07-19 22:05:00+00:00,2021-07-20 19:14:00+00:00,14599.5890,14781.1437,363.1094,1,0.4993
2021-08-02 22:05:00+00:00,2021-08-05 14:51:00+00:00,14971.1190,15151.5542,360.8704,1,0.4993
2021-09-09 22:05:00+00:00,2021-09-20 02:17:00+00:00,15564.0070,15264.8432,298.9138,-1,-1.0017
2021-09-21 22:05:00+00:00,2021-09-22 15:50:00+00:00,15002.9190,15198.8630,391.8880,1,0.4994
2021-10-12 22:05:00+00:00,2021-10-14 05:59:00+00:00,14610.9290,14856.3638,490.8697,1,0.4995
2021-11-10 23:05:00+00:00,2021-11-12 20:30:00+00:00,15998.4790,16212.1614,427.3648,1,0.4994
2021-12-20 23:05:00+00:00,2021-12-22 14:47:00+00:00,15685.6690,16033.8647,696.3913,1,0.4996
2021-12-30 23:05:00+00:00,2022-01-05 20:08:00+00:00,16442.9690,15840.4153,602.3037,-1,-1.0008
2022-01-06 23:05:00+00:00,2022-01-10 15:36:00+00:00,15809.5670,15191.7597,617.5573,-1,-1.0008
2022-01-19 23:05:00+00:00,2022-01-23 23:00:00+00:00,15060.8590,14402.6090,658.0000,-1,-1.0008
2022-01-23 23:05:00+00:00,2022-01-24 17:17:00+00:00,14452.3470,13745.4094,706.6876,-1,-1.0007
2022-02-06 23:05:00+00:00,2022-02-21 13:21:00+00:00,14664.6370,13782.9019,881.4851,-1,-1.0006
2022-02-21 23:05:00+00:00,2022-02-22 14:49:00+00:00,13630.0990,14045.6707,831.1433,1,0.4997
2022-03-07 23:05:00+00:00,2022-03-09 17:36:00+00:00,13273.7570,13741.6761,935.8383,1,0.4997
2022-03-14 22:05:00+00:00,2022-03-16 05:46:00+00:00,13087.7590,13566.9498,958.3816,1,0.4997
2022-04-03 22:05:00+00:00,2022-04-11 14:26:00+00:00,14840.9890,14080.3184,760.4206,-1,-1.0007
2022-04-12 22:05:00+00:00,2022-04-25 11:17:00+00:00,13956.2890,13194.5390,761.5000,-1,-1.0007
2022-05-09 22:05:00+00:00,2022-05-27 20:07:00+00:00,12220.1690,12683.0800,925.8220,1,0.4997
2022-06-12 22:05:00+00:00,2022-06-27 02:31:00+00:00,11710.0790,12122.6302,825.1024,1,0.4997
2022-06-29 22:05:00+00:00,2022-07-07 15:07:00+00:00,11654.5490,12038.1573,767.2165,1,0.4997
2022-07-13 22:05:00+00:00,2022-07-18 03:06:00+00:00,11695.1190,12044.3841,698.5302,1,0.4996
2022-07-26 22:05:00+00:00,2022-07-27 18:41:00+00:00,12213.5690,12541.6550,656.1720,1,0.4996
2022-08-09 22:05:00+00:00,2022-08-10 12:33:00+00:00,13025.6890,13344.2210,637.0640,1,0.4996
2022-08-23 22:05:00+00:00,2022-08-26 13:04:00+00:00,12875.1590,13167.6200,584.9220,1,0.4996
2022-08-30 22:05:00+00:00,2022-09-11 22:03:00+00:00,12347.9290,12654.6676,613.4772,1,0.4996
2022-09-22 22:05:00+00:00,2022-10-02 23:53:00+00:00,11507.1590,10874.7237,632.1853,-1,-1.0008
2022-10-10 22:05:00+00:00,2022-10-18 04:18:00+00:00,10936.0490,11281.8625,691.6271,1,0.4996
2022-11-02 22:05:00+00:00,2022-11-10 13:48:00+00:00,10879.9590,11256.0921,752.2662,1,0.4997
2022-11-20 23:05:00+00:00,2022-11-30 23:00:00+00:00,11699.5890,12046.6613,694.1445,1,0.4996
2022-12-05 23:05:00+00:00,2022-12-13 13:30:00+00:00,11794.5690,12087.9195,586.7010,1,0.4996
2022-12-18 23:05:00+00:00,2023-01-13 20:35:00+00:00,11233.3190,11535.8389,605.0399,1,0.4996
2023-02-12 23:05:00+00:00,2023-02-14 13:29:00+00:00,12277.4770,12567.6317,580.3095,1,0.4996
2023-04-05 22:05:00+00:00,2023-04-18 09:38:00+00:00,12944.9890,13181.4547,472.9313,1,0.4995
2023-07-23 22:05:00+00:00,2023-07-27 07:49:00+00:00,15450.1490,15665.1181,429.9382,1,0.4994
2023-08-17 22:05:00+00:00,2023-08-21 18:43:00+00:00,14689.0290,14924.2443,470.4306,1,0.4995
2023-09-07 22:05:00+00:00,2023-09-14 16:54:00+00:00,15272.0090,15500.9692,457.9204,1,0.4995
2023-09-21 22:05:00+00:00,2023-10-06 16:00:00+00:00,14688.4790,14916.7903,456.6226,1,0.4995
2023-10-19 22:05:00+00:00,2023-10-26 02:20:00+00:00,14746.3990,14225.8581,520.2909,-1,-1.0010
2024-01-02 23:05:00+00:00,2024-01-10 17:59:00+00:00,16559.1690,16760.8939,403.4498,1,0.4994
2024-03-17 22:07:00+00:00,2024-03-18 13:46:00+00:00,17845.6710,18113.6826,536.0231,1,0.4995
2024-03-26 22:07:00+00:00,2024-04-15 17:30:00+00:00,18246.6390,17753.8058,492.5832,-1,-1.0010
2024-04-21 22:08:00+00:00,2024-04-23 13:56:00+00:00,17077.8600,17379.0447,602.3693,1,0.4996
2024-05-30 22:07:00+00:00,2024-06-05 09:21:00+00:00,18506.4040,18730.5799,448.3518,1,0.4994
2024-06-24 22:07:00+00:00,2024-06-26 01:00:00+00:00,19489.5810,19728.0561,476.9502,1,0.4995
2024-07-18 22:06:00+00:00,2024-07-24 16:00:00+00:00,19778.6490,19188.3995,589.9995,-1,-1.0008
2024-07-25 22:05:00+00:00,2024-07-29 13:45:00+00:00,18875.2490,19214.6209,678.7438,1,0.4996
2024-08-05 22:07:00+00:00,2024-08-12 14:21:00+00:00,18110.2370,18593.8004,967.1268,1,0.4997
2024-11-13 23:05:00+00:00,2024-11-15 16:08:00+00:00,21038.5600,20445.2995,593.0105,-1,-1.0008
2024-11-17 23:05:00+00:00,2024-11-20 00:22:00+00:00,20430.2470,20741.9634,623.4328,1,0.4996
2024-12-19 23:05:00+00:00,2024-12-20 16:36:00+00:00,21128.9710,21457.0150,656.0879,1,0.4996
2024-12-30 23:05:00+00:00,2025-01-06 11:30:00+00:00,21163.6590,21532.1068,736.8956,1,0.4997
2025-01-09 23:05:00+00:00,2025-01-17 14:27:00+00:00,21112.4370,21477.9260,730.9780,1,0.4997
2025-02-20 23:05:00+00:00,2025-02-24 15:03:00+00:00,22081.4360,21426.9137,654.2723,-1,-1.0008
2025-02-24 23:05:00+00:00,2025-02-27 20:14:00+00:00,21371.1920,20672.2170,698.7250,-1,-1.0007
2025-03-30 22:05:00+00:00,2025-04-02 16:20:00+00:00,19118.6820,19566.3299,895.2957,1,0.4997
2025-04-21 22:06:00+00:00,2025-04-22 22:05:00+00:00,17782.0580,18569.3882,1574.6605,1,0.4998
2025-05-21 22:06:00+00:00,2025-05-28 23:00:00+00:00,21079.9580,21563.9257,967.9353,1,0.4997
2025-08-18 22:05:00+00:00,2025-08-20 13:49:00+00:00,23745.8250,23196.8429,548.7321,-1,-1.0009
2025-08-20 22:05:00+00:00,2025-08-22 15:00:00+00:00,23253.6930,23549.1110,590.8359,1,0.4996
2025-09-25 22:05:00+00:00,2025-09-29 13:43:00+00:00,24415.3080,24688.1100,545.6041,1,0.4995
2025-11-13 23:05:00+00:00,2025-11-20 19:08:00+00:00,25039.5330,24140.9349,898.3481,-1,-1.0006
2025-12-15 23:05:00+00:00,2025-12-22 13:20:00+00:00,25100.9810,25508.3712,814.7803,1,0.4997
2026-01-01 23:05:00+00:00,2026-01-02 14:50:00+00:00,25262.4640,25589.0508,653.1736,1,0.4996
2026-01-04 23:05:00+00:00,2026-01-06 18:45:00+00:00,25261.3380,25601.8128,680.9496,1,0.4996
2026-01-20 23:05:00+00:00,2026-01-21 19:38:00+00:00,25021.6810,25368.7302,694.0983,1,0.4996
2026-02-05 23:05:00+00:00,2026-02-06 14:40:00+00:00,24356.7200,24834.7723,956.1045,1,0.4997
2026-03-15 22:05:00+00:00,2026-03-17 13:33:00+00:00,24343.7490,24836.1091,984.7203,1,0.4997
2026-03-22 22:05:00+00:00,2026-03-23 11:18:00+00:00,23757.2640,24257.4987,1000.4694,1,0.4998
2026-03-30 22:05:00+00:00,2026-03-31 16:40:00+00:00,22961.7720,23487.7735,1052.0030,1,0.4998
2026-05-19 22:05:00+00:00,2026-05-21 04:28:00+00:00,28829.6130,29322.3543,985.4826,1,0.4997
2026-06-07 22:05:00+00:00,2026-06-08 12:30:00+00:00,28884.0360,29419.8212,1071.5704,1,0.4998
2026-07-19 22:05:00+00:00,2026-07-29 19:55:00+00:00,28566.7360,27228.2643,1338.2217,-1,-1.0004
2026-07-29 22:05:00+00:00,2026-07-30 13:46:00+00:00,27209.8590,27884.2702,1348.8224,1,0.4998
2026-08-18 22:05:00+00:00,2026-09-18 20:13:00+00:00,29481.2140,29686.5490,1110.0222,9,0.1848
