sym,dir,k,oos_n,base_wr,n>=0.7,wr>=0.7,n>=0.8,wr>=0.8,trades>=0.8,twr>=0.8,n>=0.85,wr>=0.85,trades>=0.85,twr>=0.85,n>=0.9,wr>=0.9,trades>=0.9,twr>=0.9,top1%_pmin,top1%_wr
NQ,1,0.25,70248,0.671663250199294,31037,0.677739472242807,7250,0.6820689655172414,2210,0.6823529411764706,2359,0.7125900805426028,705,0.7078014184397163,473,0.7272727272727273,134,0.7388059701492538,0.8904583631559834,0.7183499288762447
NQ,1,0.5,70248,0.6739551303951714,36992,0.6766598183391004,14735,0.6783847980997625,2511,0.6774193548387096,6757,0.6813674707710522,1243,0.6846339501206757,1996,0.6728456913827655,368,0.6929347826086957,0.9300211534149408,0.6330014224751067
NQ,1,1.0,70248,0.6777274797859014,39679,0.6793265959323571,24201,0.683070947481509,1520,0.6789473684210526,16574,0.6855315554482925,1155,0.6779220779220779,9428,0.6860415782774714,687,0.6754002911208151,0.9759741427236392,0.662873399715505
NQ,1,2.0,70248,0.6934147591390503,43710,0.6985586822237474,33629,0.7021023521365488,610,0.7114754098360656,27797,0.6936360038853113,531,0.696798493408663,21471,0.6985701644078058,459,0.7015250544662309,0.9966701050964202,0.8413597733711048
NQ,-1,0.25,70248,0.6341532855027902,11758,0.6410954243919034,2097,0.6261325703385789,808,0.6237623762376238,515,0.6679611650485436,221,0.6380090497737556,59,0.6949152542372882,24,0.6666666666666666,0.8405335825091141,0.6671408250355618
NQ,-1,0.5,70248,0.6319468169912311,18137,0.6198930363345647,5378,0.6422461881740424,941,0.6376195536663124,2367,0.6873679763413604,419,0.6634844868735084,677,0.6853766617429837,129,0.7054263565891473,0.8981823682417063,0.689900426742532
NQ,-1,1.0,70248,0.6065653114679421,23038,0.5802152964667072,11957,0.5719662122606005,709,0.607898448519041,7868,0.5608795119471276,466,0.6008583690987125,4841,0.5713695517455071,274,0.5766423357664233,0.9739596835013892,0.8193456614509246
NQ,-1,2.0,70248,0.5914189727821433,26829,0.6067315218606731,17630,0.6234826999432785,354,0.5875706214689266,12904,0.6323620582765034,288,0.6111111111111112,8520,0.6265258215962441,196,0.6020408163265306,0.9943930911050342,0.7485795454545454
GC,1,0.25,71089,0.6436860836416323,14929,0.6602585571706076,1533,0.6660143509458578,721,0.6754507628294036,269,0.6840148698884758,130,0.7153846153846154,7,0.5714285714285714,6,0.6666666666666666,0.8243885829832472,0.680731364275668
GC,1,0.5,71089,0.6514931986664604,20938,0.662431941923775,4758,0.667717528373266,988,0.6781376518218624,1515,0.6468646864686468,346,0.6705202312138728,243,0.6625514403292181,53,0.660377358490566,0.8739587148980561,0.6441631504922645
GC,1,1.0,71089,0.6601865267481608,26281,0.6676306076633309,10407,0.6623426539828962,825,0.6848484848484848,5354,0.6475532312289877,439,0.6697038724373576,2017,0.6430342092216162,188,0.6595744680851063,0.9332325828424053,0.6174402250351617
GC,1,2.0,71089,0.6834531362095402,29523,0.6959658571283406,18174,0.696434466820733,372,0.6854838709677419,12448,0.7079852185089974,303,0.7161716171617162,7474,0.723039871554723,194,0.7268041237113402,0.9776283965947707,0.7848101265822784
GC,-1,0.25,71089,0.6414353838146549,20308,0.6605771124679929,3392,0.6724646226415094,1313,0.6641279512566641,892,0.6681614349775785,341,0.656891495601173,132,0.8106060606060606,44,0.7272727272727273,0.8563092552816347,0.6638537271448663
GC,-1,0.5,71089,0.6419136575278875,27426,0.6603587836359659,8083,0.6688110849931956,1479,0.6538201487491548,3415,0.6644216691068814,648,0.6620370370370371,896,0.6752232142857143,194,0.6752577319587629,0.9055092484101867,0.6905766526019691
GC,-1,1.0,71089,0.6236267214336958,34559,0.6344222923116989,15811,0.6399342230092974,1043,0.6586768935762224,8363,0.639722587588186,629,0.6454689984101749,3464,0.6553117782909931,289,0.6782006920415224,0.9623296132280356,0.5864978902953587
GC,-1,2.0,71089,0.5657837358803753,37466,0.5855976084983718,23783,0.5934491022999622,446,0.5919282511210763,16918,0.6068684241636128,339,0.6106194690265486,9900,0.611919191919192,238,0.6260504201680672,0.9802655743570832,0.4444444444444444
