sym,setup,trend,k,is_n,is_wr,is_lo,oos_n,oos_wr
NQ,any,none,3,233,0.7424892703862661,0.6827282868906025,182,0.7307692307692307
NQ,any,none,4,135,0.7703703703703704,0.6925290430827887,109,0.7522935779816514
NQ,any,none,5,99,0.8080808080808081,0.7195945946411957,78,0.7692307692307693
NQ,any,none,6,71,0.8309859154929577,0.7274065601494254,52,0.7884615384615384
NQ,any,none,8,53,0.8301886792452831,0.7077446317626587,37,0.8108108108108109
NQ,any,up200,3,201,0.736318407960199,0.6713819524362772,149,0.738255033557047
NQ,any,up200,4,114,0.7807017543859649,0.6962846550636637,93,0.7526881720430108
NQ,any,up200,5,81,0.8271604938271605,0.7305366228248568,70,0.7571428571428571
NQ,any,up200,6,63,0.8253968253968254,0.713783402655744,51,0.7843137254901961
NQ,any,up200,8,38,0.8947368421052632,0.7586916879980553,33,0.8181818181818182
NQ,any,up50,3,180,0.7222222222222222,0.652665499946382,138,0.7318840579710145
NQ,any,up50,4,106,0.7735849056603774,0.6851667228942294,82,0.7439024390243902
NQ,any,up50,5,80,0.8,0.6995355220341885,62,0.7419354838709677
NQ,any,up50,6,64,0.765625,0.6486650974929234,44,0.8181818181818182
NQ,any,up50,8,45,0.8,0.6617674868607056,30,0.8
NQ,rsi2<10,none,3,111,0.7657657657657657,0.6789066790684753,69,0.7536231884057971
NQ,rsi2<10,none,4,87,0.7586206896551724,0.6590081932657771,52,0.75
NQ,rsi2<10,none,5,71,0.7746478873239436,0.6648460480022997,45,0.7555555555555555
NQ,rsi2<10,none,6,60,0.8,0.6821795390818299,36,0.8055555555555556
NQ,rsi2<10,none,8,43,0.8372093023255814,0.7002730466408176,30,0.8
NQ,rsi2<10,up200,3,77,0.7532467532467533,0.6464643724401389,48,0.7708333333333334
NQ,rsi2<10,up200,4,61,0.7540983606557377,0.6331533709421812,38,0.7631578947368421
NQ,rsi2<10,up200,5,49,0.7755102040816326,0.6412094381295426,33,0.7575757575757576
NQ,rsi2<10,up200,6,43,0.813953488372093,0.6738270676469403,30,0.8333333333333334
NQ,rsi2<10,up200,8,32,0.8125,0.6469050424507756,21,0.8095238095238095
NQ,rsi2<10,up50,3,55,0.6909090909090909,0.5597116084861727,31,0.7096774193548387
NQ,rsi2<10,up50,4,47,0.7021276595744681,0.5602205595363459,29,0.7931034482758621
NQ,rsi2<10,up50,5,41,0.7073170731707317,0.5552024292386027,26,0.7692307692307693
NQ,rsi2<10,up50,6,40,0.725,0.5716474916687543,24,0.8333333333333334
NQ,rsi2<10,up50,8,32,0.78125,0.6124466920955516,20,0.8
NQ,rsi2<5,none,3,60,0.8166666666666667,0.7008000677353371,35,0.6857142857142857
NQ,rsi2<5,none,4,54,0.7962962962962963,0.6709743827734083,29,0.7241379310344828
NQ,rsi2<5,none,5,46,0.8260869565217391,0.6927636765607748,24,0.6666666666666666
NQ,rsi2<5,none,6,38,0.8157894736842105,0.6658083165848865,23,0.6956521739130435
NQ,rsi2<5,none,8,31,0.9032258064516129,0.7509971000182295,19,0.7368421052631579
NQ,rsi2<5,up200,3,38,0.8157894736842105,0.6658083165848865,26,0.6538461538461539
NQ,rsi2<5,up200,4,34,0.7941176470588235,0.6320128389178601,23,0.7391304347826086
NQ,rsi2<5,up200,5,29,0.8620689655172413,0.6944064228730067,18,0.6666666666666666
NQ,rsi2<5,up200,6,26,0.8461538461538461,0.6646841558168644,17,0.7058823529411765
NQ,rsi2<5,up200,8,24,0.875,0.6899571185214243,15,0.7333333333333333
NQ,rsi2<5,up50,3,22,0.7272727272727273,0.5184787630099802,11,0.5454545454545454
NQ,rsi2<5,up50,4,22,0.6818181818181818,0.47318222782839336,11,0.6363636363636364
NQ,rsi2<5,up50,5,22,0.7727272727272727,0.5655964393704065,10,0.6
NQ,rsi2<5,up50,6,21,0.7619047619047619,0.5490841802765406,10,0.6
NQ,rsi2<5,up50,8,19,0.8421052631578947,0.6243407235682331,10,0.7
NQ,ibs<0.2,none,3,169,0.7396449704142012,0.6686797087245316,129,0.7441860465116279
NQ,ibs<0.2,none,4,124,0.7741935483870968,0.6930081708536336,88,0.7840909090909091
NQ,ibs<0.2,none,5,89,0.797752808988764,0.7028015582268841,68,0.7941176470588235
NQ,ibs<0.2,none,6,72,0.8194444444444444,0.7151944298987886,57,0.8070175438596491
NQ,ibs<0.2,none,8,52,0.8269230769230769,0.7026887630639471,36,0.8333333333333334
NQ,ibs<0.2,up200,3,128,0.7421875,0.6601292060624501,102,0.7647058823529411
NQ,ibs<0.2,up200,4,96,0.7708333333333334,0.6773130351588962,75,0.8133333333333334
NQ,ibs<0.2,up200,5,72,0.8055555555555556,0.6996702472161007,58,0.8103448275862069
NQ,ibs<0.2,up200,6,58,0.8275862068965517,0.7109149994332449,47,0.8297872340425532
NQ,ibs<0.2,up200,8,45,0.8222222222222222,0.6866989315634587,31,0.8709677419354839
NQ,ibs<0.2,up50,3,108,0.7314814814814815,0.6410086613886575,86,0.7674418604651163
NQ,ibs<0.2,up50,4,85,0.7529411764705882,0.651652476458812,65,0.8153846153846154
NQ,ibs<0.2,up50,5,67,0.746268656716418,0.6307057838517774,53,0.8301886792452831
NQ,ibs<0.2,up50,6,58,0.8275862068965517,0.7109149994332449,44,0.8409090909090909
NQ,ibs<0.2,up50,8,42,0.8095238095238095,0.6669893264500356,30,0.8666666666666667
NQ,dn>=2,none,3,160,0.725,0.651149022400604,114,0.7280701754385965
NQ,dn>=2,none,4,114,0.7543859649122807,0.6679323474733541,76,0.7631578947368421
NQ,dn>=2,none,5,82,0.7804878048780488,0.6794774330026092,62,0.7741935483870968
NQ,dn>=2,none,6,66,0.803030303030303,0.6916098449524694,50,0.8
NQ,dn>=2,none,8,46,0.8043478260869565,0.668284622588308,38,0.7894736842105263
NQ,dn>=2,up200,3,121,0.7272727272727273,0.64184185941249,89,0.7528089887640449
NQ,dn>=2,up200,4,88,0.7386363636363636,0.6382402375069727,65,0.7692307692307693
NQ,dn>=2,up200,5,64,0.78125,0.665669836692222,53,0.7735849056603774
NQ,dn>=2,up200,6,53,0.8113207547169812,0.6864128355267498,45,0.8222222222222222
NQ,dn>=2,up200,8,39,0.7948717948717948,0.6446572703687138,31,0.8064516129032258
NQ,dn>=2,up50,3,108,0.7314814814814815,0.6410086613886575,70,0.7142857142857143
NQ,dn>=2,up50,4,83,0.7228915662650602,0.618381028567237,57,0.7719298245614035
NQ,dn>=2,up50,5,63,0.746031746031746,0.6265857791515483,48,0.75
NQ,dn>=2,up50,6,54,0.7592592592592593,0.6305222087076177,42,0.7619047619047619
NQ,dn>=2,up50,8,39,0.7692307692307693,0.6166343954261704,33,0.7575757575757576
NQ,dn>=3,none,3,100,0.78,0.6892946528499969,75,0.7333333333333333
NQ,dn>=3,none,4,79,0.759493670886076,0.6546409953317426,56,0.7321428571428571
NQ,dn>=3,none,5,67,0.7761194029850746,0.6629280717766178,48,0.7708333333333334
NQ,dn>=3,none,6,61,0.8032786885245902,0.6868982151122219,38,0.8157894736842105
NQ,dn>=3,none,8,44,0.7954545454545454,0.6549913631816677,31,0.7741935483870968
NQ,dn>=3,up200,3,67,0.746268656716418,0.6307057838517774,54,0.7592592592592593
NQ,dn>=3,up200,4,53,0.7358490566037735,0.6041907894277545,42,0.8095238095238095
NQ,dn>=3,up200,5,48,0.75,0.6121535625207293,38,0.8157894736842105
NQ,dn>=3,up200,6,43,0.7674418604651163,0.622551917005606,35,0.8285714285714286
NQ,dn>=3,up200,8,33,0.7575757575757576,0.5897505131450971,24,0.7916666666666666
NQ,dn>=3,up50,3,51,0.6666666666666666,0.5296812196648056,37,0.7297297297297297
NQ,dn>=3,up50,4,44,0.6818181818181818,0.5344282746687306,34,0.7941176470588235
NQ,dn>=3,up50,5,42,0.6904761904761905,0.5397372223365942,32,0.78125
NQ,dn>=3,up50,6,38,0.7105263157894737,0.5524256173381024,31,0.7741935483870968
NQ,dn>=3,up50,8,33,0.7272727272727273,0.5578211674561319,23,0.7391304347826086
NQ,bbz<-1.5,none,3,80,0.7875,0.6857763938182242,57,0.7543859649122807
NQ,bbz<-1.5,none,4,62,0.7741935483870968,0.6559414245921728,40,0.75
NQ,bbz<-1.5,none,5,54,0.8148148148148148,0.6916379770862061,34,0.7647058823529411
NQ,bbz<-1.5,none,6,45,0.8444444444444444,0.712158094887512,27,0.8148148148148148
NQ,bbz<-1.5,none,8,36,0.8333333333333334,0.6810888526532568,18,0.7777777777777778
NQ,bbz<-1.5,up200,3,57,0.7894736842105263,0.6671363132153347,37,0.7837837837837838
NQ,bbz<-1.5,up200,4,44,0.75,0.6055915019158504,28,0.75
NQ,bbz<-1.5,up200,5,39,0.7948717948717948,0.6446572703687138,23,0.782608695652174
NQ,bbz<-1.5,up200,6,32,0.8125,0.6469050424507756,17,0.8235294117647058
NQ,bbz<-1.5,up200,8,28,0.8214285714285714,0.644082084514089,13,0.7692307692307693
NQ,bbz<-1.5,up50,3,19,0.6842105263157895,0.4601001017506463,10,0.7
NQ,bbz<-1.5,up50,4,17,0.6470588235294118,0.4129996672121182,10,0.8
NQ,bbz<-1.5,up50,5,17,0.7647058823529411,0.5273775411082839,10,0.8
NQ,bbz<-1.5,up50,6,16,0.8125,0.5699064013154177,9,0.8888888888888888
NQ,bbz<-1.5,up50,8,16,0.8125,0.5699064013154177,7,0.7142857142857143
NQ,bbz<-2,none,3,56,0.8571428571428571,0.7426383257914846,38,0.7368421052631579
NQ,bbz<-2,none,4,50,0.84,0.7148551903823401,30,0.7
NQ,bbz<-2,none,5,44,0.8409090909090909,0.7063350943621745,23,0.6956521739130435
NQ,bbz<-2,none,6,39,0.8461538461538461,0.7027023013426569,16,0.8125
NQ,bbz<-2,none,8,29,0.8620689655172413,0.6944064228730067,14,0.7857142857142857
NQ,bbz<-2,up200,3,35,0.8571428571428571,0.7062411969132573,22,0.8181818181818182
NQ,bbz<-2,up200,4,30,0.8666666666666667,0.7031831605558306,19,0.6842105263157895
NQ,bbz<-2,up200,5,28,0.8214285714285714,0.644082084514089,16,0.75
NQ,bbz<-2,up200,6,26,0.8461538461538461,0.6646841558168644,12,0.8333333333333334
NQ,bbz<-2,up200,8,19,0.8947368421052632,0.686054495051583,10,0.7
GC,any,none,3,243,0.7160493827160493,0.6563343657852573,190,0.7578947368421053
GC,any,none,4,149,0.738255033557047,0.6623186394794551,113,0.7964601769911505
GC,any,none,5,81,0.7654320987654321,0.6624506582197044,75,0.8133333333333334
GC,any,none,6,79,0.7341772151898734,0.6275675648945112,62,0.8225806451612904
GC,any,none,8,32,0.84375,0.6824550744643347,32,0.90625
GC,any,up200,3,158,0.7151898734177216,0.640360250984037,160,0.75
GC,any,up200,4,99,0.7373737373737373,0.6429937858948775,101,0.7722772277227723
GC,any,up200,5,56,0.75,0.6230710799856808,66,0.803030303030303
GC,any,up200,6,43,0.7209302325581395,0.5730868709987059,56,0.8214285714285714
GC,any,up200,8,26,0.7692307692307693,0.5794807424804321,30,0.9
GC,any,up50,3,172,0.7383720930232558,0.6679916719641028,147,0.7551020408163265
GC,any,up50,4,115,0.7304347826086957,0.6428588201013065,95,0.7894736842105263
GC,any,up50,5,74,0.7297297297297297,0.6190853622781575,66,0.803030303030303
GC,any,up50,6,56,0.7321428571428571,0.6040519481066103,57,0.7894736842105263
GC,any,up50,8,30,0.8333333333333334,0.6643529481431982,30,0.9
GC,rsi2<10,none,3,103,0.6893203883495146,0.5944983926937447,58,0.7586206896551724
GC,rsi2<10,none,4,73,0.6986301369863014,0.5856241782400962,42,0.7857142857142857
GC,rsi2<10,none,5,52,0.7115384615384616,0.5772695428589907,33,0.8484848484848485
GC,rsi2<10,none,6,39,0.7948717948717948,0.6446572703687138,26,0.8846153846153846
GC,rsi2<10,none,8,26,0.8461538461538461,0.6646841558168644,17,0.9411764705882353
GC,rsi2<10,up200,3,44,0.7272727272727273,0.581508453144907,39,0.7435897435897436
GC,rsi2<10,up200,4,35,0.6857142857142857,0.5201992812074803,31,0.7419354838709677
GC,rsi2<10,up200,5,27,0.7037037037037037,0.515189666191624,23,0.8260869565217391
GC,rsi2<10,up200,6,21,0.7619047619047619,0.5490841802765406,20,0.85
GC,rsi2<10,up200,8,16,0.75,0.5050123107060135,15,0.9333333333333333
GC,rsi2<10,up50,3,35,0.6571428571428571,0.4915164687273671,24,0.875
GC,rsi2<10,up50,4,31,0.6774193548387096,0.5014068555995079,24,0.7916666666666666
GC,rsi2<10,up50,5,28,0.7142857142857143,0.529403642629825,22,0.8636363636363636
GC,rsi2<10,up50,6,24,0.75,0.5510017468789357,20,0.85
GC,rsi2<10,up50,8,23,0.782608695652174,0.5809611981726508,15,0.9333333333333333
GC,rsi2<5,none,3,67,0.6865671641791045,0.5679519232318382,34,0.7352941176470589
GC,rsi2<5,none,4,53,0.7169811320754716,0.5842945799989226,28,0.7142857142857143
GC,rsi2<5,none,5,42,0.7142857142857143,0.5643250392275445,20,0.8
GC,rsi2<5,none,6,31,0.8064516129032258,0.6371939644454013,17,0.8823529411764706
GC,rsi2<5,none,8,19,0.8421052631578947,0.6243407235682331,11,0.9090909090909091
GC,rsi2<5,up200,3,24,0.7916666666666666,0.5952915551476452,24,0.75
GC,rsi2<5,up200,4,21,0.7619047619047619,0.5490841802765406,19,0.7368421052631579
GC,rsi2<5,up200,5,18,0.7222222222222222,0.49126922453805477,15,0.8
GC,rsi2<5,up200,6,15,0.7333333333333333,0.4804911034231324,14,0.8571428571428571
GC,rsi2<5,up200,8,11,0.7272727272727273,0.4343497069897537,11,0.9090909090909091
GC,rsi2<5,up50,3,10,0.7,0.39677321997956516,8,1.0
GC,rsi2<5,up50,4,10,0.8,0.49015684672072335,8,0.875
GC,rsi2<5,up50,5,10,0.8,0.49015684672072335,8,0.875
GC,rsi2<5,up50,6,10,0.9,0.5958436145024278,8,0.875
GC,rsi2<5,up50,8,10,0.9,0.5958436145024278,7,0.8571428571428571
GC,ibs<0.2,none,3,162,0.6851851851851852,0.6100782454939574,92,0.75
GC,ibs<0.2,none,4,120,0.7166666666666667,0.6302963078582111,66,0.7878787878787878
GC,ibs<0.2,none,5,83,0.7228915662650602,0.618381028567237,41,0.8292682926829268
GC,ibs<0.2,none,6,52,0.75,0.6179328224079477,38,0.8421052631578947
GC,ibs<0.2,none,8,38,0.7631578947368421,0.6079288083466214,20,0.95
GC,ibs<0.2,up200,3,84,0.6785714285714286,0.5727836073115733,65,0.7230769230769231
GC,ibs<0.2,up200,4,65,0.7230769230769231,0.6041913125777423,50,0.76
GC,ibs<0.2,up200,5,44,0.7272727272727273,0.581508453144907,33,0.7878787878787878
GC,ibs<0.2,up200,6,30,0.7333333333333333,0.5555169795568831,31,0.8387096774193549
GC,ibs<0.2,up200,8,20,0.75,0.5312949900419365,19,0.9473684210526315
GC,ibs<0.2,up50,3,92,0.6630434782608695,0.5616510724230352,63,0.7936507936507936
GC,ibs<0.2,up50,4,75,0.6933333333333334,0.5816933204791398,49,0.7959183673469388
GC,ibs<0.2,up50,5,58,0.7241379310344828,0.5979510037164683,33,0.8181818181818182
GC,ibs<0.2,up50,6,44,0.7045454545454546,0.5577952061434273,33,0.8181818181818182
GC,ibs<0.2,up50,8,25,0.8,0.6086866446346177,19,0.9473684210526315
GC,dn>=2,none,3,160,0.68125,0.6055191224650822,94,0.7553191489361702
GC,dn>=2,none,4,98,0.7244897959183674,0.6288377565601042,67,0.746268656716418
GC,dn>=2,none,5,74,0.7162162162162162,0.6048253064036953,47,0.7872340425531915
GC,dn>=2,none,6,58,0.6896551724137931,0.5619669315326005,34,0.8235294117647058
GC,dn>=2,none,8,29,0.8620689655172413,0.6944064228730067,22,0.9090909090909091
GC,dn>=2,up200,3,82,0.6829268292682927,0.5759601026622791,61,0.7540983606557377
GC,dn>=2,up200,4,56,0.7142857142857143,0.5852450091364125,52,0.75
GC,dn>=2,up200,5,42,0.6904761904761905,0.5397372223365942,37,0.7567567567567568
GC,dn>=2,up200,6,33,0.6666666666666666,0.4960758179994997,28,0.8214285714285714
GC,dn>=2,up200,8,23,0.7391304347826086,0.5352960945624944,20,0.9
GC,dn>=2,up50,3,82,0.6707317073170732,0.5633818520351263,56,0.7857142857142857
GC,dn>=2,up50,4,64,0.71875,0.598658376004965,47,0.7446808510638298
GC,dn>=2,up50,5,50,0.7,0.562493877226366,37,0.7567567567567568
GC,dn>=2,up50,6,43,0.7209302325581395,0.5730868709987059,29,0.7931034482758621
GC,dn>=2,up50,8,31,0.8064516129032258,0.6371939644454013,22,0.9090909090909091
GC,dn>=3,none,3,100,0.68,0.5833719774632081,64,0.765625
GC,dn>=3,none,4,76,0.6973684210526315,0.5866558660798696,45,0.7555555555555555
GC,dn>=3,none,5,51,0.7058823529411765,0.5700066466848335,32,0.84375
GC,dn>=3,none,6,44,0.75,0.6055915019158504,28,0.8571428571428571
GC,dn>=3,none,8,23,0.8695652173913043,0.678721020269818,16,0.9375
GC,dn>=3,up200,3,44,0.7272727272727273,0.581508453144907,45,0.7777777777777778
GC,dn>=3,up200,4,36,0.75,0.5892923231679656,34,0.7058823529411765
GC,dn>=3,up200,5,25,0.76,0.5656994004476144,23,0.8260869565217391
GC,dn>=3,up200,6,23,0.7391304347826086,0.5352960945624944,22,0.8181818181818182
GC,dn>=3,up200,8,16,0.8125,0.5699064013154177,14,0.9285714285714286
GC,dn>=3,up50,3,35,0.7142857142857143,0.5494475193017891,31,0.8387096774193549
GC,dn>=3,up50,4,32,0.71875,0.546251630618882,28,0.7142857142857143
GC,dn>=3,up50,5,29,0.7241379310344828,0.5428252365556403,22,0.8181818181818182
GC,dn>=3,up50,6,28,0.7142857142857143,0.529403642629825,21,0.8095238095238095
GC,dn>=3,up50,8,23,0.7391304347826086,0.5352960945624944,13,0.9230769230769231
GC,bbz<-1.5,none,3,82,0.7195121951219512,0.6141472358011005,39,0.717948717948718
GC,bbz<-1.5,none,4,56,0.6964285714285714,0.5666388751588567,32,0.75
GC,bbz<-1.5,none,5,35,0.7428571428571429,0.5793037572935127,21,0.7619047619047619
GC,bbz<-1.5,none,6,30,0.7666666666666667,0.5907132766967574,17,0.8235294117647058
GC,bbz<-1.5,none,8,21,0.8095238095238095,0.599990134607267,11,0.9090909090909091
GC,bbz<-1.5,up200,3,33,0.7575757575757576,0.5897505131450971,23,0.6956521739130435
GC,bbz<-1.5,up200,4,24,0.7083333333333334,0.508319363412903,18,0.7222222222222222
GC,bbz<-1.5,up200,5,19,0.7894736842105263,0.5666528575973392,15,0.7333333333333333
GC,bbz<-1.5,up200,6,16,0.75,0.5050123107060135,13,0.7692307692307693
GC,bbz<-1.5,up200,8,13,0.6923076923076923,0.4236888781333764,10,0.9
GC,bbz<-1.5,up50,3,13,0.6153846153846154,0.35522480972268555,4,0.75
GC,bbz<-1.5,up50,4,12,0.5833333333333334,0.3195073356553728,4,0.75
GC,bbz<-1.5,up50,5,12,0.6666666666666666,0.3906175873976139,4,0.75
GC,bbz<-1.5,up50,6,12,0.6666666666666666,0.3906175873976139,4,0.75
GC,bbz<-1.5,up50,8,11,0.6363636363636364,0.35379677689163724,4,0.75
GC,bbz<-2,none,3,59,0.6779661016949152,0.5510476493903221,31,0.7096774193548387
GC,bbz<-2,none,4,42,0.6904761904761905,0.5397372223365942,23,0.6521739130434783
GC,bbz<-2,none,5,30,0.7333333333333333,0.5555169795568831,17,0.7058823529411765
GC,bbz<-2,none,6,23,0.7391304347826086,0.5352960945624944,14,0.7857142857142857
GC,bbz<-2,none,8,21,0.8095238095238095,0.599990134607267,9,0.8888888888888888
GC,bbz<-2,up200,3,17,0.8823529411764706,0.6566315750229009,16,0.75
GC,bbz<-2,up200,4,13,0.7692307692307693,0.49743126004873084,14,0.6428571428571429
GC,bbz<-2,up200,5,9,0.7777777777777778,0.4525833436728054,11,0.6363636363636364
GC,bbz<-2,up200,6,9,0.7777777777777778,0.4525833436728054,10,0.7
GC,bbz<-2,up200,8,9,0.7777777777777778,0.4525833436728054,8,0.875
